<edmx:Edmx xmlns:edmx="http://schemas.microsoft.com/ado/2007/06/edmx" Version="1.0">
	<edmx:DataServices xmlns:m="http://schemas.microsoft.com/ado/2007/08/dataservices/metadata" m:DataServiceVersion="2.0">
		<Schema xmlns:d="http://schemas.microsoft.com/ado/2007/08/dataservices"
			xmlns:m="http://schemas.microsoft.com/ado/2007/08/dataservices/metadata" xmlns="http://schemas.microsoft.com/ado/2008/09/edm"
			Namespace="public.com.acc.academia.xs.perfil">
			<EntityType Name="PerfilType">
				<Key><PropertyRef Name="COD"/></Key><Property Name="COD" Type="Edm.Int32" Nullable="false"/><Property Name="NOME" Type="Edm.String" MaxLength="20"/><Property Name="SOBRENOME" Type="Edm.String" MaxLength="20"/><Property Name="DATANASC" Type="Edm.DateTime"/><Property Name="PROFISSAO" Type="Edm.String" MaxLength="20"/><Property Name="FOTO" Type="Edm.String" MaxLength="255"/></EntityType>
			<EntityType Name="RelatorioType">
				<Key><PropertyRef Name="BRANCH_KEY"/><PropertyRef Name="LOCATION_KEY"/></Key><Property Name="BRANCH_KEY" Type="Edm.Int32" Nullable="false"/><Property Name="LOCATION_KEY" Type="Edm.Int32" Nullable="false"/><Property Name="BRANCH_NAME" Type="Edm.String" MaxLength="30"/><Property Name="DOLAR_SOLD" Type="Edm.Int32"/><Property Name="UNITS_SOLD" Type="Edm.Decimal" Precision="10" Scale="2"/></EntityType>
			<EntityContainer Name="perfil" m:IsDefaultEntityContainer="true"><EntitySet Name="Perfil" EntityType="public.com.acc.academia.xs.perfil.PerfilType"/><EntitySet Name="Relatorio" EntityType="public.com.acc.academia.xs.perfil.RelatorioType"/></EntityContainer>
		</Schema>
	</edmx:DataServices>
</edmx:Edmx>