<edmx:Edmx xmlns:edmx="http://schemas.microsoft.com/ado/2007/06/edmx" Version="1.0">
	<edmx:DataServices xmlns:m="http://schemas.microsoft.com/ado/2007/08/dataservices/metadata" m:DataServiceVersion="2.0">
		<Schema xmlns:d="http://schemas.microsoft.com/ado/2007/08/dataservices"
			xmlns:m="http://schemas.microsoft.com/ado/2007/08/dataservices/metadata" xmlns="http://schemas.microsoft.com/ado/2008/09/edm"
			Namespace="public.com.acc.Projeto1.xs.Projeto1">
			<EntityType Name="ALUNOSType">
				<Key><PropertyRef Name="MATRICULA"/></Key><Property Name="MATRICULA" Type="Edm.Int32" Nullable="false"/><Property Name="NOME" Type="Edm.String" MaxLength="20"/><Property Name="SOBRENOME" Type="Edm.String" MaxLength="20"/><Property Name="MEDIA" Type="Edm.Double"/><Property Name="SITUACAO" Type="Edm.String" MaxLength="11"/></EntityType>
			<EntityContainer Name="Projeto1" m:IsDefaultEntityContainer="true"><EntitySet Name="ALUNOS" EntityType="public.com.acc.Projeto1.xs.Projeto1.ALUNOSType"/></EntityContainer>
		</Schema>
	</edmx:DataServices>
</edmx:Edmx>